"Ecole","Année scolaire","Effectif"
"AGENETS ELEMENTAIRE","2010-2011",166
"AGENETS MATERNELLE","2010-2011",129
"ALAIN FOURNIER ELEMENTAIRE","2010-2011",134
"ALAIN FOURNIER MATERNELLE","2010-2011",114
"ALPHONSE BRAUD PRIMAIRE","2010-2011",139
"AMPERE PRIMAIRE","2010-2011",280
"ANATOLE DE MONZIE ELEMENTAIRE","2010-2011",86
"ANDRE LERMITE ELEMENTAIRE","2010-2011",164
"ANGE GUEPIN ELEMENTAIRE","2010-2011",118
"BARBERIE MATERNELLE","2010-2011",84
"BARBERIE-MULOTIERE ELEMENTAIRE","2010-2011",159
"BATIGNOLLES ELEMENTAIRE","2010-2011",148
"BATIGNOLLES MATERNELLE","2010-2011",118
"BAUT ELEMENTAIRE","2010-2011",98
"BAUT MATERNELLE","2010-2011",77
"BEAUJOIRE ELEMENTAIRE","2010-2011",119
"BEAUJOIRE MATERNELLE","2010-2011",97
"BOCCAGE ELEMENTAIRE","2010-2011",128
"BOCCAGE MATERNELLE","2010-2011",83
"BOTTIERE ELEMENTAIRE","2010-2011",172
"BOTTIERE MATERNELLE","2010-2011",162
"CAMILLE CLAUDEL MATERNELLE","2010-2011",92
"CHAMPENOIS ELEMENTAIRE","2010-2011",116
"CHARLES LEBOURG PRIMAIRE","2010-2011",169
"CHATAIGNIERS ELEMENTAIRE","2010-2011",112
"CHATAIGNIERS MATERNELLE","2010-2011",85
"CHAUVINIERE ELEMENTAIRE","2010-2011",140
"CHAUVINIERE MATERNELLE","2010-2011",94
"CHENE D'ARON ELEMENTAIRE","2010-2011",145
"CHENE D'ARON MATERNELLE","2010-2011",78
"CONTRIE ELEMENTAIRE","2010-2011",193
"CONTRIE MATERNELLE","2010-2011",106
"COTE D'OR MATERNELLE","2010-2011",66
"COUDRAY ELEMENTAIRE","2010-2011",123
"COUDRAY MATERNELLE","2010-2011",103
"DERVALLIERES CHEZINE ELEMENTAIRE","2010-2011",167
"DERVALLIERES CHEZINE MATERNELLE","2010-2011",140
"DOCTEUR TEILLAIS MATERNELLE","2010-2011",141
"EMILE PEHANT ELEMENTAIRE","2010-2011",174
"EMILE PEHANT MATERNELLE","2010-2011",105
"FELLONNEAU ELEMENTAIRE","2010-2011",142
"FELLONNEAU MATERNELLE","2010-2011",111
"FONTENY MATERNELLE","2010-2011",145
"FRANCOIS DALLET ELEMENTAIRE","2010-2011",198
"FRANCOISE DOLTO PRIMAIRE","2010-2011",191
"FRATERNITE ELEMENTAIRE","2010-2011",261
"FREDUREAU MATERNELLE","2010-2011",106
"GARENNES ELEMENTAIRE","2010-2011",124
"GASTON SERPETTE ELEMENTAIRE","2010-2011",197
"GASTON SERPETTE MATERNELLE","2010-2011",113
"GAY LUSSAC PRIMAIRE","2010-2011",228
"GEORGE SAND ELEMENTAIRE","2010-2011",213
"GEORGES BRASSENS MATERNELLE","2010-2011",116
"GEORGES LAFONT MATERNELLE","2010-2011",80
"GRAND CARCOUET PRIMAIRE","2010-2011",141
"GUSTAVE ROCH ELEMENTAIRE","2010-2011",117
"GUSTAVE ROCH MATERNELLE","2010-2011",116
"HAROUYS ELEMENTAIRE","2010-2011",167
"HAROUYS MATERNELLE","2010-2011",89
"HENRI BERGSON ELEMENTAIRE","2010-2011",130
"HENRI BERGSON MATERNELLE","2010-2011",117
"JACQUES PREVERT ELEMENTAIRE","2010-2011",116
"JACQUES PREVERT MATERNELLE","2010-2011",118
"JACQUES TATI PRIMAIRE","2010-2011",185
"JEAN JAURES ELEMENTAIRE","2010-2011",121
"JEAN MOULIN ELEMENTAIRE","2010-2011",108
"JEAN MOULIN MATERNELLE","2010-2011",146
"JEAN ZAY ELEMENTAIRE","2010-2011",261
"JEAN ZAY I MATERNELLE","2010-2011",119
"JEAN ZAY II MATERNELLE","2010-2011",94
"JONELIERE PRIMAIRE","2010-2011",196
"JOSEPH BLANCHART MATERNELLE","2010-2011",101
"JULIEN GRACQ PRIMAIRE","2010-2011",141
"LAMORICIERE MATERNELLE","2010-2011",139
"LEDRU ROLLIN ELEMENTAIRE","2010-2011",319
"LEON BLUM ELEMENTAIRE","2010-2011",177
"LEON SAY ELEMENTAIRE","2010-2011",211
"LEON SAY MATERNELLE","2010-2011",115
"LINOT ELEMENTAIRE","2010-2011",108
"LINOT MATERNELLE","2010-2011",71
"LONGCHAMP PRIMAIRE","2010-2011",456
"LOUIS GUIOTTON MATERNELLE","2010-2011",81
"LOUIS PERGAUD ELEMENTAIRE","2010-2011",259
"LOUIS PERGAUD MATERNELLE","2010-2011",149
"LOUISE MICHEL ELEMENTAIRE","2010-2011",224
"LOUISE MICHEL MATERNELLE","2010-2011",141
"LUCIE AUBRAC ELEMENTAIRE","2010-2011",84
"LUCIE AUBRAC MATERNELLE","2010-2011",93
"MAISDON PAJOT MATERNELLE","2010-2011",199
"MAISON NEUVE PRIMAIRE","2010-2011",185
"MARSAUDERIES ELEMENTAIRE","2010-2011",274
"MARSAUDERIES MATERNELLE","2010-2011",217
"MAURICE MACE ELEMENTAIRE","2010-2011",293
"MAURICE MACE MATERNELLE","2010-2011",197
"MOLIERE MATERNELLE","2010-2011",123
"MUTUALITE ELEMENTAIRE","2010-2011",330
"PAUL GAUGUIN PRIMAIRE","2010-2011",244
"PAULINE KERGOMARD MATERNELLE","2010-2011",116
"PLANTES ELEMENTAIRE","2010-2011",87
"PLANTES MATERNELLE","2010-2011",75
"PLESSIS CELLIER ELEMENTAIRE","2010-2011",192
"PLESSIS CELLIER MATERNELLE","2010-2011",118
"PORT BOYER ELEMENTAIRE","2010-2011",165
"PORT BOYER MATERNELLE","2010-2011",137
"REFORMES PRIMAIRE","2010-2011",119
"RUE NOIRE PRIMAIRE","2010-2011",183
"SARAH BERNHARDT MATERNELLE","2010-2011",188
"STALINGRAD ELEMENTAIRE","2010-2011",121
"STALINGRAD MATERNELLE","2010-2011",103
"SULLY ELEMENTAIRE","2010-2011",210
"SULLY MATERNELLE","2010-2011",123
"URBAIN LE VERRIER ELEMENTAIRE","2010-2011",195
"URBAIN LE VERRIER MATERNELLE","2010-2011",172
"VILLA MARIA PRIMAIRE","2010-2011",117
"AGENETS ELEMENTAIRE","2011-2012",188
"AGENETS MATERNELLE","2011-2012",136
"ALAIN FOURNIER ELEMENTAIRE","2011-2012",144
"ALAIN FOURNIER MATERNELLE","2011-2012",107
"ALPHONSE BRAUD PRIMAIRE","2011-2012",158
"AMPERE PRIMAIRE","2011-2012",272
"ANATOLE DE MONZIE ELEMENTAIRE","2011-2012",102
"ANDRE LERMITE ELEMENTAIRE","2011-2012",162
"ANGE GUEPIN ELEMENTAIRE","2011-2012",128
"BARBERIE MATERNELLE","2011-2012",88
"BARBERIE-MULOTIERE ELEMENTAIRE","2011-2012",153
"BATIGNOLLES ELEMENTAIRE","2011-2012",156
"BATIGNOLLES MATERNELLE","2011-2012",97
"BATIGNOLLES bilingue ""Français/Breton""","2011-2012",17
"BAUT ELEMENTAIRE","2011-2012",102
"BAUT MATERNELLE","2011-2012",72
"BEAUJOIRE ELEMENTAIRE","2011-2012",117
"BEAUJOIRE MATERNELLE","2011-2012",98
"BOCCAGE ELEMENTAIRE","2011-2012",130
"BOCCAGE MATERNELLE","2011-2012",80
"BOTTIERE ELEMENTAIRE","2011-2012",193
"BOTTIERE MATERNELLE","2011-2012",159
"CAMILLE CLAUDEL MATERNELLE","2011-2012",84
"CHAMPENOIS ELEMENTAIRE","2011-2012",118
"CHARLES LEBOURG PRIMAIRE","2011-2012",177
"CHATAIGNIERS ELEMENTAIRE","2011-2012",123
"CHATAIGNIERS MATERNELLE","2011-2012",89
"CHAUVINIERE ELEMENTAIRE","2011-2012",148
"CHAUVINIERE MATERNELLE","2011-2012",102
"CHENE D'ARON ELEMENTAIRE","2011-2012",132
"CHENE D'ARON MATERNELLE","2011-2012",79
"CONTRIE ELEMENTAIRE","2011-2012",180
"CONTRIE MATERNELLE","2011-2012",107
"COTE D'OR MATERNELLE","2011-2012",74
"COUDRAY ELEMENTAIRE","2011-2012",131
"COUDRAY MATERNELLE","2011-2012",105
"DERVALLIERES CHEZINE ELEMENTAIRE","2011-2012",176
"DERVALLIERES CHEZINE MATERNELLE","2011-2012",148
"DOCTEUR TEILLAIS MATERNELLE","2011-2012",148
"EMILE PEHANT ELEMENTAIRE","2011-2012",183
"EMILE PEHANT MATERNELLE","2011-2012",112
"FELLONNEAU ELEMENTAIRE","2011-2012",137
"FELLONNEAU MATERNELLE","2011-2012",115
"FONTENY MATERNELLE","2011-2012",147
"FRANCOIS DALLET ELEMENTAIRE","2011-2012",196
"FRANCOISE DOLTO PRIMAIRE","2011-2012",198
"FRATERNITE ELEMENTAIRE","2011-2012",258
"FREDUREAU MATERNELLE","2011-2012",105
"GARENNES ELEMENTAIRE","2011-2012",125
"GASTON SERPETTE ELEMENTAIRE","2011-2012",215
"GASTON SERPETTE MATERNELLE","2011-2012",118
"GAY LUSSAC PRIMAIRE","2011-2012",241
"GEORGE SAND ELEMENTAIRE","2011-2012",205
"GEORGES BRASSENS MATERNELLE","2011-2012",102
"GEORGES LAFONT MATERNELLE","2011-2012",69
"GRAND CARCOUET PRIMAIRE","2011-2012",130
"GUSTAVE ROCH ELEMENTAIRE","2011-2012",120
"GUSTAVE ROCH MATERNELLE","2011-2012",129
"HAROUYS ELEMENTAIRE","2011-2012",162
"HAROUYS MATERNELLE","2011-2012",90
"HENRI BERGSON ELEMENTAIRE","2011-2012",115
"HENRI BERGSON MATERNELLE","2011-2012",105
"JACQUES PREVERT ELEMENTAIRE","2011-2012",124
"JACQUES PREVERT MATERNELLE","2011-2012",110
"JACQUES TATI PRIMAIRE","2011-2012",193
"JEAN JAURES ELEMENTAIRE","2011-2012",125
"JEAN MOULIN ELEMENTAIRE","2011-2012",109
"JEAN MOULIN MATERNELLE","2011-2012",160
"JEAN ZAY ELEMENTAIRE","2011-2012",264
"JEAN ZAY I MATERNELLE","2011-2012",114
"JEAN ZAY II MATERNELLE","2011-2012",90
"JONELIERE PRIMAIRE","2011-2012",204
"JOSEPH BLANCHART MATERNELLE","2011-2012",97
"JULIEN GRACQ PRIMAIRE","2011-2012",185
"LAMORICIERE MATERNELLE","2011-2012",147
"LEDRU ROLLIN ELEMENTAIRE","2011-2012",312
"LEON BLUM ELEMENTAIRE","2011-2012",168
"LEON SAY ELEMENTAIRE","2011-2012",203
"LEON SAY MATERNELLE","2011-2012",118
"LINOT ELEMENTAIRE","2011-2012",111
"LINOT MATERNELLE","2011-2012",77
"LONGCHAMP PRIMAIRE","2011-2012",442
"LOUIS GUIOTTON MATERNELLE","2011-2012",83
"LOUIS PERGAUD ELEMENTAIRE","2011-2012",238
"LOUIS PERGAUD MATERNELLE","2011-2012",146
"LOUISE MICHEL ELEMENTAIRE","2011-2012",214
"LOUISE MICHEL MATERNELLE","2011-2012",150
"LUCIE AUBRAC ELEMENTAIRE","2011-2012",112
"LUCIE AUBRAC MATERNELLE","2011-2012",91
"MAISDON PAJOT MATERNELLE","2011-2012",200
"MAISON NEUVE PRIMAIRE","2011-2012",172
"MARSAUDERIES ELEMENTAIRE","2011-2012",175
"MARSAUDERIES MATERNELLE","2011-2012",127
"MARSAUDERIES bilingue ""Français/Breton""","2011-2012",169
"MAURICE MACE ELEMENTAIRE","2011-2012",316
"MAURICE MACE MATERNELLE","2011-2012",211
"MOLIERE MATERNELLE","2011-2012",125
"MUTUALITE ELEMENTAIRE","2011-2012",314
"PAUL GAUGUIN PRIMAIRE","2011-2012",244
"PAULINE KERGOMARD MATERNELLE","2011-2012",114
"PLANTES ELEMENTAIRE","2011-2012",111
"PLANTES MATERNELLE","2011-2012",93
"PLESSIS CELLIER ELEMENTAIRE","2011-2012",192
"PLESSIS CELLIER MATERNELLE","2011-2012",120
"PORT BOYER ELEMENTAIRE","2011-2012",167
"PORT BOYER MATERNELLE","2011-2012",136
"REFORMES PRIMAIRE","2011-2012",124
"RUE NOIRE PRIMAIRE","2011-2012",184
"SARAH BERNHARDT MATERNELLE","2011-2012",208
"STALINGRAD ELEMENTAIRE","2011-2012",125
"STALINGRAD MATERNELLE","2011-2012",101
"SULLY ELEMENTAIRE","2011-2012",221
"SULLY MATERNELLE","2011-2012",147
"URBAIN LE VERRIER ELEMENTAIRE","2011-2012",199
"URBAIN LE VERRIER MATERNELLE","2011-2012",163
"VILLA MARIA PRIMAIRE","2011-2012",114
"AGENETS ELEMENTAIRE","2012-2013",200
"AGENETS MATERNELLE","2012-2013",132
"AIME CESAIRE PRIMAIRE","2012-2013",83
"ALAIN FOURNIER ELEMENTAIRE","2012-2013",146
"ALAIN FOURNIER MATERNELLE","2012-2013",119
"ALPHONSE BRAUD PRIMAIRE","2012-2013",154
"AMPERE PRIMAIRE","2012-2013",265
"ANATOLE DE MONZIE ELEMENTAIRE","2012-2013",102
"ANDRE LERMITE ELEMENTAIRE","2012-2013",177
"ANGE GUEPIN ELEMENTAIRE","2012-2013",122
"BARBERIE MATERNELLE","2012-2013",79
"BARBERIE-MULOTIERE ELEMENTAIRE","2012-2013",167
"BATIGNOLLES ELEMENTAIRE","2012-2013",153
"BATIGNOLLES MATERNELLE","2012-2013",99
"BATIGNOLLES bilingue ""Français/Breton""","2012-2013",19
"BAUT ELEMENTAIRE","2012-2013",114
"BAUT MATERNELLE","2012-2013",79
"BEAUJOIRE ELEMENTAIRE","2012-2013",102
"BEAUJOIRE MATERNELLE","2012-2013",81
"BOCCAGE ELEMENTAIRE","2012-2013",135
"BOCCAGE MATERNELLE","2012-2013",83
"BOTTIERE ELEMENTAIRE","2012-2013",163
"BOTTIERE MATERNELLE","2012-2013",153
"CAMILLE CLAUDEL MATERNELLE","2012-2013",99
"CHAMPENOIS ELEMENTAIRE","2012-2013",111
"CHARLES LEBOURG PRIMAIRE","2012-2013",193
"CHATAIGNIERS ELEMENTAIRE","2012-2013",118
"CHATAIGNIERS MATERNELLE","2012-2013",93
"CHAUVINIERE ELEMENTAIRE","2012-2013",151
"CHAUVINIERE MATERNELLE","2012-2013",108
"CHENE D'ARON ELEMENTAIRE","2012-2013",133
"CHENE D'ARON MATERNELLE","2012-2013",81
"CONTRIE ELEMENTAIRE","2012-2013",186
"CONTRIE MATERNELLE","2012-2013",102
"COTE D'OR MATERNELLE","2012-2013",65
"COUDRAY ELEMENTAIRE","2012-2013",116
"COUDRAY MATERNELLE","2012-2013",99
"DERVALLIERES CHEZINE ELEMENTAIRE","2012-2013",221
"DERVALLIERES CHEZINE MATERNELLE","2012-2013",164
"DOCTEUR TEILLAIS MATERNELLE","2012-2013",138
"EMILE PEHANT ELEMENTAIRE","2012-2013",162
"EMILE PEHANT MATERNELLE","2012-2013",119
"FELLONNEAU ELEMENTAIRE","2012-2013",148
"FELLONNEAU MATERNELLE","2012-2013",104
"FONTENY MATERNELLE","2012-2013",138
"FRANCOIS DALLET ELEMENTAIRE","2012-2013",202
"FRANCOISE DOLTO PRIMAIRE","2012-2013",201
"FRATERNITE ELEMENTAIRE","2012-2013",260
"FREDUREAU MATERNELLE","2012-2013",108
"GARENNES ELEMENTAIRE","2012-2013",124
"GASTON SERPETTE ELEMENTAIRE","2012-2013",217
"GASTON SERPETTE MATERNELLE","2012-2013",107
"GAY LUSSAC PRIMAIRE","2012-2013",206
"GEORGE SAND ELEMENTAIRE","2012-2013",222
"GEORGES BRASSENS MATERNELLE","2012-2013",92
"GEORGES LAFONT MATERNELLE","2012-2013",86
"GRAND CARCOUET PRIMAIRE","2012-2013",131
"GUSTAVE ROCH ELEMENTAIRE","2012-2013",114
"GUSTAVE ROCH MATERNELLE","2012-2013",98
"HAROUYS PRIMAIRE","2012-2013",251
"HENRI BERGSON ELEMENTAIRE","2012-2013",98
"HENRI BERGSON MATERNELLE","2012-2013",114
"JACQUES PREVERT ELEMENTAIRE","2012-2013",124
"JACQUES PREVERT MATERNELLE","2012-2013",113
"JACQUES TATI PRIMAIRE","2012-2013",226
"JEAN JAURES ELEMENTAIRE","2012-2013",121
"JEAN MOULIN ELEMENTAIRE","2012-2013",111
"JEAN MOULIN MATERNELLE","2012-2013",143
"JEAN ZAY ELEMENTAIRE","2012-2013",253
"JEAN ZAY I MATERNELLE","2012-2013",118
"JEAN ZAY II MATERNELLE","2012-2013",96
"JONELIERE PRIMAIRE","2012-2013",205
"JOSEPH BLANCHART MATERNELLE","2012-2013",102
"JULIEN GRACQ PRIMAIRE","2012-2013",255
"LAMORICIERE MATERNELLE","2012-2013",148
"LEDRU ROLLIN ELEMENTAIRE","2012-2013",300
"LEON BLUM ELEMENTAIRE","2012-2013",178
"LEON SAY ELEMENTAIRE","2012-2013",199
"LEON SAY MATERNELLE","2012-2013",107
"LINOT ELEMENTAIRE","2012-2013",133
"LINOT MATERNELLE","2012-2013",90
"LONGCHAMP PRIMAIRE","2012-2013",419
"LOUIS GUIOTTON MATERNELLE","2012-2013",87
"LOUIS PERGAUD ELEMENTAIRE","2012-2013",234
"LOUIS PERGAUD MATERNELLE","2012-2013",134
"LOUISE MICHEL ELEMENTAIRE","2012-2013",205
"LOUISE MICHEL MATERNELLE","2012-2013",151
"LUCIE AUBRAC ELEMENTAIRE","2012-2013",117
"LUCIE AUBRAC MATERNELLE","2012-2013",91
"MAISDON PAJOT MATERNELLE","2012-2013",197
"MAISON NEUVE PRIMAIRE","2012-2013",193
"MARSAUDERIES ELEMENTAIRE","2012-2013",180
"MARSAUDERIES MATERNELLE","2012-2013",133
"MARSAUDERIES bilingue ""Français/Breton""","2012-2013",176
"MAURICE MACE ELEMENTAIRE","2012-2013",308
"MAURICE MACE MATERNELLE","2012-2013",200
"MOLIERE MATERNELLE","2012-2013",131
"MUTUALITE ELEMENTAIRE","2012-2013",321
"PAUL GAUGUIN PRIMAIRE","2012-2013",258
"PAULINE KERGOMARD MATERNELLE","2012-2013",107
"PLANTES ELEMENTAIRE","2012-2013",98
"PLANTES MATERNELLE","2012-2013",96
"PLESSIS CELLIER ELEMENTAIRE","2012-2013",179
"PLESSIS CELLIER MATERNELLE","2012-2013",122
"PORT BOYER ELEMENTAIRE","2012-2013",156
"PORT BOYER MATERNELLE","2012-2013",136
"REFORMES PRIMAIRE","2012-2013",123
"RUE NOIRE PRIMAIRE","2012-2013",185
"SARAH BERNHARDT MATERNELLE","2012-2013",205
"STALINGRAD ELEMENTAIRE","2012-2013",125
"STALINGRAD MATERNELLE","2012-2013",118
"SULLY ELEMENTAIRE","2012-2013",225
"SULLY MATERNELLE","2012-2013",156
"URBAIN LE VERRIER ELEMENTAIRE","2012-2013",219
"URBAIN LE VERRIER MATERNELLE","2012-2013",167
"VILLA MARIA PRIMAIRE","2012-2013",111
"AGENETS ELEMENTAIRE","2013-2014",216
"AGENETS MATERNELLE","2013-2014",131
"AIME CESAIRE PRIMAIRE","2013-2014",111
"ALAIN FOURNIER ELEMENTAIRE","2013-2014",152
"ALAIN FOURNIER MATERNELLE","2013-2014",115
"ALPHONSE BRAUD PRIMAIRE","2013-2014",157
"AMPERE PRIMAIRE","2013-2014",281
"ANATOLE DE MONZIE ELEMENTAIRE","2013-2014",113
"ANDRE LERMITE ELEMENTAIRE","2013-2014",193
"ANGE GUEPIN ELEMENTAIRE","2013-2014",113
"BARBERIE MATERNELLE","2013-2014",82
"BATIGNOLLES ELEMENTAIRE","2013-2014",167
"BATIGNOLLES MATERNELLE","2013-2014",99
"BATIGNOLLES bilingue ""Français/Breton""","2013-2014",19
"BAUT ELEMENTAIRE","2013-2014",120
"BAUT MATERNELLE","2013-2014",97
"BEAUJOIRE ELEMENTAIRE","2013-2014",111
"BEAUJOIRE MATERNELLE","2013-2014",101
"BOCCAGE ELEMENTAIRE","2013-2014",135
"BOCCAGE MATERNELLE","2013-2014",87
"BOTTIERE ELEMENTAIRE","2013-2014",179
"BOTTIERE MATERNELLE","2013-2014",171
"CAMILLE CLAUDEL MATERNELLE","2013-2014",88
"CHAMPENOIS ELEMENTAIRE","2013-2014",136
"CHARLES LEBOURG PRIMAIRE","2013-2014",213
"CHATAIGNIERS ELEMENTAIRE","2013-2014",121
"CHATAIGNIERS MATERNELLE","2013-2014",98
"CHAUVINIERE ELEMENTAIRE","2013-2014",170
"CHAUVINIERE MATERNELLE","2013-2014",114
"CHENE D'ARON ELEMENTAIRE","2013-2014",147
"CHENE D'ARON MATERNELLE","2013-2014",87
"CONTRIE ELEMENTAIRE","2013-2014",192
"CONTRIE MATERNELLE","2013-2014",104
"COTE D'OR MATERNELLE","2013-2014",56
"COUDRAY ELEMENTAIRE","2013-2014",125
"COUDRAY MATERNELLE","2013-2014",108
"DERVALLIERES CHEZINE ELEMENTAIRE","2013-2014",202
"DERVALLIERES CHEZINE MATERNELLE","2013-2014",166
"DOCTEUR TEILLAIS MATERNELLE","2013-2014",138
"EMILE PEHANT ELEMENTAIRE","2013-2014",159
"EMILE PEHANT MATERNELLE","2013-2014",115
"FELLONNEAU ELEMENTAIRE","2013-2014",154
"FELLONNEAU MATERNELLE","2013-2014",115
"FONTENY MATERNELLE","2013-2014",142
"FRANCOIS DALLET ELEMENTAIRE","2013-2014",205
"FRANCOISE DOLTO PRIMAIRE","2013-2014",205
"FRATERNITE ELEMENTAIRE","2013-2014",281
"FREDUREAU MATERNELLE","2013-2014",103
"GARENNES ELEMENTAIRE","2013-2014",130
"GASTON SERPETTE ELEMENTAIRE","2013-2014",218
"GASTON SERPETTE MATERNELLE","2013-2014",114
"GAY LUSSAC PRIMAIRE","2013-2014",228
"GEORGE SAND ELEMENTAIRE","2013-2014",216
"GEORGES BRASSENS MATERNELLE","2013-2014",110
"GEORGES LAFONT MATERNELLE","2013-2014",86
"GRAND CARCOUET PRIMAIRE","2013-2014",122
"GUSTAVE ROCH ELEMENTAIRE","2013-2014",111
"GUSTAVE ROCH MATERNELLE","2013-2014",121
"HAROUYS PRIMAIRE","2013-2014",247
"HENRI BERGSON ELEMENTAIRE","2013-2014",104
"HENRI BERGSON MATERNELLE","2013-2014",102
"JACQUES PREVERT ELEMENTAIRE","2013-2014",131
"JACQUES PREVERT MATERNELLE","2013-2014",115
"JACQUES TATI PRIMAIRE","2013-2014",242
"JEAN JAURES ELEMENTAIRE","2013-2014",134
"JEAN MOULIN ELEMENTAIRE","2013-2014",114
"JEAN MOULIN MATERNELLE","2013-2014",152
"JEAN ZAY ELEMENTAIRE","2013-2014",274
"JEAN ZAY I MATERNELLE","2013-2014",110
"JEAN ZAY II MATERNELLE","2013-2014",91
"JONELIERE PRIMAIRE","2013-2014",186
"JOSEPH BLANCHART MATERNELLE","2013-2014",106
"JULIEN GRACQ PRIMAIRE","2013-2014",307
"LAMORICIERE MATERNELLE","2013-2014",154
"LEDRU ROLLIN ELEMENTAIRE","2013-2014",313
"LEON BLUM ELEMENTAIRE","2013-2014",175
"LEON SAY ELEMENTAIRE","2013-2014",198
"LEON SAY MATERNELLE","2013-2014",116
"LINOT ELEMENTAIRE","2013-2014",152
"LINOT MATERNELLE","2013-2014",93
"LONGCHAMP PRIMAIRE","2013-2014",409
"LOUIS GUIOTTON MATERNELLE","2013-2014",87
"LOUIS PERGAUD ELEMENTAIRE","2013-2014",225
"LOUIS PERGAUD MATERNELLE","2013-2014",149
"LOUISE MICHEL ELEMENTAIRE","2013-2014",207
"LOUISE MICHEL MATERNELLE","2013-2014",135
"LUCIE AUBRAC ELEMENTAIRE","2013-2014",119
"LUCIE AUBRAC MATERNELLE","2013-2014",96
"MAISDON PAJOT MATERNELLE","2013-2014",197
"MAISON NEUVE PRIMAIRE","2013-2014",184
"MARSAUDERIES ELEMENTAIRE","2013-2014",180
"MARSAUDERIES MATERNELLE","2013-2014",151
"MARSAUDERIES bilingue ""Français/Breton""","2013-2014",182
"MAURICE MACE ELEMENTAIRE","2013-2014",319
"MAURICE MACE MATERNELLE","2013-2014",213
"MOLIERE MATERNELLE","2013-2014",134
"MULOTIERE ELEMENTAIRE","2013-2014",163
"MUTUALITE ELEMENTAIRE","2013-2014",319
"PAUL GAUGUIN PRIMAIRE","2013-2014",271
"PAULINE KERGOMARD MATERNELLE","2013-2014",107
"PLANTES ELEMENTAIRE","2013-2014",116
"PLANTES MATERNELLE","2013-2014",101
"PLESSIS CELLIER ELEMENTAIRE","2013-2014",180
"PLESSIS CELLIER MATERNELLE","2013-2014",120
"PORT BOYER ELEMENTAIRE","2013-2014",157
"PORT BOYER MATERNELLE","2013-2014",145
"REFORMES PRIMAIRE","2013-2014",126
"RUE NOIRE PRIMAIRE","2013-2014",191
"SARAH BERNHARDT MATERNELLE","2013-2014",226
"STALINGRAD ELEMENTAIRE","2013-2014",137
"STALINGRAD MATERNELLE","2013-2014",106
"SULLY ELEMENTAIRE","2013-2014",201
"SULLY MATERNELLE","2013-2014",153
"URBAIN LE VERRIER ELEMENTAIRE","2013-2014",210
"URBAIN LE VERRIER MATERNELLE","2013-2014",165
"VILLA MARIA PRIMAIRE","2013-2014",114
"AGENETS ELEMENTAIRE","2014-2015",208
"AGENETS MATERNELLE","2014-2015",132
"AIME CESAIRE PRIMAIRE","2014-2015",159
"ALAIN FOURNIER ELEMENTAIRE","2014-2015",156
"ALAIN FOURNIER MATERNELLE","2014-2015",112
"ALPHONSE BRAUD PRIMAIRE","2014-2015",141
"AMPERE PRIMAIRE","2014-2015",273
"ANATOLE DE MONZIE ELEMENTAIRE","2014-2015",124
"ANDRE LERMITE ELEMENTAIRE","2014-2015",212
"ANGE GUEPIN ELEMENTAIRE","2014-2015",113
"BARBERIE MATERNELLE","2014-2015",74
"BATIGNOLLES ELEMENTAIRE","2014-2015",171
"BATIGNOLLES MATERNELLE","2014-2015",100
"BATIGNOLLES bilingue ""Français/Breton""","2014-2015",21
"BAUT ELEMENTAIRE","2014-2015",112
"BAUT MATERNELLE","2014-2015",94
"BEAUJOIRE ELEMENTAIRE","2014-2015",108
"BEAUJOIRE MATERNELLE","2014-2015",94
"BOCCAGE ELEMENTAIRE","2014-2015",151
"BOCCAGE MATERNELLE","2014-2015",87
"BOTTIERE ELEMENTAIRE","2014-2015",186
"BOTTIERE MATERNELLE","2014-2015",145
"CAMILLE CLAUDEL MATERNELLE","2014-2015",94
"CHAMPENOIS ELEMENTAIRE","2014-2015",143
"CHARLES LEBOURG PRIMAIRE","2014-2015",223
"CHATAIGNIERS ELEMENTAIRE","2014-2015",122
"CHATAIGNIERS MATERNELLE","2014-2015",92
"CHAUVINIERE ELEMENTAIRE","2014-2015",178
"CHAUVINIERE MATERNELLE","2014-2015",101
"CHENE D'ARON ELEMENTAIRE","2014-2015",157
"CHENE D'ARON MATERNELLE","2014-2015",86
"CONTRIE ELEMENTAIRE","2014-2015",188
"CONTRIE MATERNELLE","2014-2015",106
"COTE D'OR MATERNELLE","2014-2015",69
"COUDRAY ELEMENTAIRE","2014-2015",139
"COUDRAY MATERNELLE","2014-2015",103
"DERVALLIERES CHEZINE ELEMENTAIRE","2014-2015",192
"DERVALLIERES CHEZINE MATERNELLE","2014-2015",149
"DOCTEUR TEILLAIS MATERNELLE","2014-2015",140
"EMILE PEHANT ELEMENTAIRE","2014-2015",171
"EMILE PEHANT MATERNELLE","2014-2015",111
"FELLONNEAU ELEMENTAIRE","2014-2015",154
"FELLONNEAU MATERNELLE","2014-2015",93
"FONTENY MATERNELLE","2014-2015",144
"FRANCOIS DALLET ELEMENTAIRE","2014-2015",209
"FRANCOISE DOLTO PRIMAIRE","2014-2015",228
"FRATERNITE ELEMENTAIRE","2014-2015",264
"FREDUREAU MATERNELLE","2014-2015",96
"GARENNES ELEMENTAIRE","2014-2015",141
"GASTON SERPETTE ELEMENTAIRE","2014-2015",227
"GASTON SERPETTE MATERNELLE","2014-2015",114
"GAY LUSSAC PRIMAIRE","2014-2015",227
"GEORGE SAND ELEMENTAIRE","2014-2015",207
"GEORGES BRASSENS MATERNELLE","2014-2015",114
"GEORGES LAFONT MATERNELLE","2014-2015",84
"GRAND CARCOUET PRIMAIRE","2014-2015",136
"GUSTAVE ROCH ELEMENTAIRE","2014-2015",105
"GUSTAVE ROCH MATERNELLE","2014-2015",106
"HAROUYS PRIMAIRE","2014-2015",260
"HENRI BERGSON ELEMENTAIRE","2014-2015",115
"HENRI BERGSON MATERNELLE","2014-2015",106
"JACQUES PREVERT ELEMENTAIRE","2014-2015",134
"JACQUES PREVERT MATERNELLE","2014-2015",111
"JACQUES TATI PRIMAIRE","2014-2015",257
"JEAN JAURES ELEMENTAIRE","2014-2015",129
"JEAN MOULIN ELEMENTAIRE","2014-2015",135
"JEAN MOULIN MATERNELLE","2014-2015",158
"JEAN ZAY ELEMENTAIRE","2014-2015",259
"JEAN ZAY I MATERNELLE","2014-2015",112
"JEAN ZAY II MATERNELLE","2014-2015",94
"JONELIERE PRIMAIRE","2014-2015",190
"JOSEPH BLANCHART MATERNELLE","2014-2015",105
"JULIEN GRACQ PRIMAIRE","2014-2015",364
"LAMORICIERE MATERNELLE","2014-2015",138
"LEDRU ROLLIN ELEMENTAIRE","2014-2015",312
"LEON BLUM ELEMENTAIRE","2014-2015",172
"LEON SAY ELEMENTAIRE","2014-2015",204
"LEON SAY MATERNELLE","2014-2015",118
"LINOT ELEMENTAIRE","2014-2015",186
"LINOT MATERNELLE","2014-2015",115
"LONGCHAMP PRIMAIRE","2014-2015",402
"LOUIS GUIOTTON MATERNELLE","2014-2015",89
"LOUIS PERGAUD ELEMENTAIRE","2014-2015",241
"LOUIS PERGAUD MATERNELLE","2014-2015",167
"LOUISE MICHEL ELEMENTAIRE","2014-2015",203
"LOUISE MICHEL MATERNELLE","2014-2015",132
"LUCIE AUBRAC ELEMENTAIRE","2014-2015",125
"LUCIE AUBRAC MATERNELLE","2014-2015",91
"MAISDON PAJOT MATERNELLE","2014-2015",200
"MAISON NEUVE PRIMAIRE","2014-2015",167
"MARSAUDERIES ELEMENTAIRE","2014-2015",188
"MARSAUDERIES MATERNELLE","2014-2015",149
"MARSAUDERIES bilingue ""Français/Breton""","2014-2015",163
"MAURICE MACE ELEMENTAIRE","2014-2015",333
"MAURICE MACE MATERNELLE","2014-2015",198
"MOLIERE MATERNELLE","2014-2015",133
"MULOTIERE ELEMENTAIRE","2014-2015",164
"MUTUALITE ELEMENTAIRE","2014-2015",304
"PAUL GAUGUIN PRIMAIRE","2014-2015",271
"PAULINE KERGOMARD MATERNELLE","2014-2015",104
"PLANTES ELEMENTAIRE","2014-2015",135
"PLANTES MATERNELLE","2014-2015",100
"PLESSIS CELLIER ELEMENTAIRE","2014-2015",193
"PLESSIS CELLIER MATERNELLE","2014-2015",138
"PORT BOYER ELEMENTAIRE","2014-2015",168
"PORT BOYER MATERNELLE","2014-2015",147
"REFORMES PRIMAIRE","2014-2015",131
"RUE NOIRE PRIMAIRE","2014-2015",184
"SARAH BERNHARDT MATERNELLE","2014-2015",226
"STALINGRAD ELEMENTAIRE","2014-2015",136
"STALINGRAD MATERNELLE","2014-2015",111
"SULLY ELEMENTAIRE","2014-2015",189
"SULLY MATERNELLE","2014-2015",142
"URBAIN LE VERRIER ELEMENTAIRE","2014-2015",229
"URBAIN LE VERRIER MATERNELLE","2014-2015",164
"VILLA MARIA PRIMAIRE","2014-2015",123
"AGENETS ELEMENTAIRE","2015-2016",206
"AGENETS MATERNELLE","2015-2016",140
"AIME CESAIRE PRIMAIRE","2015-2016",184
"ALAIN FOURNIER ELEMENTAIRE","2015-2016",161
"ALAIN FOURNIER MATERNELLE","2015-2016",114
"ALPHONSE BRAUD PRIMAIRE","2015-2016",153
"AMPERE PRIMAIRE","2015-2016",280
"ANATOLE DE MONZIE ELEMENTAIRE","2015-2016",122
"ANDRE LERMITE ELEMENTAIRE","2015-2016",191
"ANGE GUEPIN ELEMENTAIRE","2015-2016",113
"BARBERIE MATERNELLE","2015-2016",76
"BATIGNOLLES ELEMENTAIRE","2015-2016",173
"BATIGNOLLES MATERNELLE","2015-2016",102
"BATIGNOLLES bilingue ""Français/Breton""","2015-2016",22
"BAUT ELEMENTAIRE","2015-2016",123
"BAUT MATERNELLE","2015-2016",97
"BEAUJOIRE ELEMENTAIRE","2015-2016",113
"BEAUJOIRE MATERNELLE","2015-2016",92
"BOCCAGE ELEMENTAIRE","2015-2016",155
"BOCCAGE MATERNELLE","2015-2016",84
"BOTTIERE ELEMENTAIRE","2015-2016",163
"BOTTIERE MATERNELLE","2015-2016",160
"CAMILLE CLAUDEL MATERNELLE","2015-2016",92
"CHAMPENOIS ELEMENTAIRE","2015-2016",147
"CHARLES LEBOURG PRIMAIRE","2015-2016",215
"CHATAIGNIERS ELEMENTAIRE","2015-2016",127
"CHATAIGNIERS MATERNELLE","2015-2016",112
"CHAUVINIERE ELEMENTAIRE","2015-2016",180
"CHAUVINIERE MATERNELLE","2015-2016",108
"CHENE D'ARON ELEMENTAIRE","2015-2016",149
"CHENE D'ARON MATERNELLE","2015-2016",85
"CONTRIE ELEMENTAIRE","2015-2016",188
"CONTRIE MATERNELLE","2015-2016",119
"COTE D'OR MATERNELLE","2015-2016",68
"COUDRAY ELEMENTAIRE","2015-2016",154
"COUDRAY MATERNELLE","2015-2016",113
"DERVALLIERES CHEZINE ELEMENTAIRE","2015-2016",192
"DERVALLIERES CHEZINE MATERNELLE","2015-2016",138
"DOCTEUR TEILLAIS MATERNELLE","2015-2016",143
"EMILE PEHANT ELEMENTAIRE","2015-2016",172
"EMILE PEHANT MATERNELLE","2015-2016",106
"FELLONNEAU ELEMENTAIRE","2015-2016",160
"FELLONNEAU MATERNELLE","2015-2016",83
"FONTENY MATERNELLE","2015-2016",152
"FRANCOIS DALLET ELEMENTAIRE","2015-2016",213
"FRANCOISE DOLTO PRIMAIRE","2015-2016",238
"FRATERNITE ELEMENTAIRE","2015-2016",280
"FREDUREAU MATERNELLE","2015-2016",78
"GARENNES ELEMENTAIRE","2015-2016",153
"GASTON SERPETTE ELEMENTAIRE","2015-2016",222
"GASTON SERPETTE MATERNELLE","2015-2016",121
"GAY LUSSAC PRIMAIRE","2015-2016",239
"GEORGE SAND ELEMENTAIRE","2015-2016",214
"GEORGES BRASSENS MATERNELLE","2015-2016",114
"GEORGES LAFONT MATERNELLE","2015-2016",81
"GRAND CARCOUET PRIMAIRE","2015-2016",163
"GUSTAVE ROCH ELEMENTAIRE","2015-2016",102
"GUSTAVE ROCH MATERNELLE","2015-2016",116
"HAROUYS PRIMAIRE","2015-2016",244
"HENRI BERGSON ELEMENTAIRE","2015-2016",119
"HENRI BERGSON MATERNELLE","2015-2016",113
"JACQUES PREVERT ELEMENTAIRE","2015-2016",130
"JACQUES PREVERT MATERNELLE","2015-2016",113
"JACQUES TATI PRIMAIRE","2015-2016",275
"JEAN JAURES ELEMENTAIRE","2015-2016",131
"JEAN MOULIN ELEMENTAIRE","2015-2016",130
"JEAN MOULIN MATERNELLE","2015-2016",157
"JEAN ZAY ELEMENTAIRE","2015-2016",267
"JEAN ZAY I MATERNELLE","2015-2016",109
"JEAN ZAY II MATERNELLE","2015-2016",111
"JONELIERE PRIMAIRE","2015-2016",188
"JOSEPH BLANCHART MATERNELLE","2015-2016",113
"JULIEN GRACQ PRIMAIRE","2015-2016",391
"LAMORICIERE MATERNELLE","2015-2016",143
"LEDRU ROLLIN ELEMENTAIRE","2015-2016",338
"LEON BLUM ELEMENTAIRE","2015-2016",182
"LEON SAY PRIMAIRE","2015-2016",322
"LINOT ELEMENTAIRE","2015-2016",193
"LINOT MATERNELLE","2015-2016",139
"LONGCHAMP PRIMAIRE","2015-2016",399
"LOUIS GUIOTTON MATERNELLE","2015-2016",88
"LOUIS PERGAUD ELEMENTAIRE","2015-2016",260
"LOUIS PERGAUD MATERNELLE","2015-2016",165
"LOUISE MICHEL ELEMENTAIRE","2015-2016",194
"LOUISE MICHEL MATERNELLE","2015-2016",140
"LUCIE AUBRAC ELEMENTAIRE","2015-2016",144
"LUCIE AUBRAC MATERNELLE","2015-2016",81
"MAISDON PAJOT MATERNELLE","2015-2016",200
"MAISON NEUVE PRIMAIRE","2015-2016",194
"MARSAUDERIES ELEMENTAIRE","2015-2016",200
"MARSAUDERIES MATERNELLE","2015-2016",152
"MARSAUDERIES bilingue ""Français/Breton""","2015-2016",181
"MAURICE MACE ELEMENTAIRE","2015-2016",326
"MAURICE MACE MATERNELLE","2015-2016",202
"MOLIERE MATERNELLE","2015-2016",128
"MULOTIERE ELEMENTAIRE","2015-2016",164
"MUTUALITE ELEMENTAIRE","2015-2016",320
"PAUL GAUGUIN PRIMAIRE","2015-2016",288
"PAULINE KERGOMARD MATERNELLE","2015-2016",101
"PLANTES ELEMENTAIRE","2015-2016",145
"PLANTES MATERNELLE","2015-2016",100
"PLESSIS CELLIER ELEMENTAIRE","2015-2016",187
"PLESSIS CELLIER MATERNELLE","2015-2016",134
"PORT BOYER ELEMENTAIRE","2015-2016",178
"PORT BOYER MATERNELLE","2015-2016",162
"REFORMES PRIMAIRE","2015-2016",133
"RUE NOIRE PRIMAIRE","2015-2016",177
"SARAH BERNHARDT MATERNELLE","2015-2016",226
"STALINGRAD ELEMENTAIRE","2015-2016",137
"STALINGRAD MATERNELLE","2015-2016",114
"SULLY ELEMENTAIRE","2015-2016",209
"SULLY MATERNELLE","2015-2016",134
"URBAIN LE VERRIER ELEMENTAIRE","2015-2016",220
"URBAIN LE VERRIER MATERNELLE","2015-2016",163
"VILLA MARIA PRIMAIRE","2015-2016",125
"AGENETS ELEMENTAIRE","2016-2017",207
"AGENETS MATERNELLE","2016-2017",132
"AIME CESAIRE PRIMAIRE","2016-2017",221
"ALAIN FOURNIER ELEMENTAIRE","2016-2017",153
"ALAIN FOURNIER MATERNELLE","2016-2017",114
"ALPHONSE BRAUD PRIMAIRE","2016-2017",161
"AMPERE PRIMAIRE","2016-2017",285
"ANATOLE DE MONZIE ELEMENTAIRE","2016-2017",146
"ANDRE LERMITE ELEMENTAIRE","2016-2017",204
"ANGE GUEPIN ELEMENTAIRE","2016-2017",115
"BARBERIE MATERNELLE","2016-2017",62
"BATIGNOLLES ELEMENTAIRE","2016-2017",175
"BATIGNOLLES MATERNELLE","2016-2017",102
"BATIGNOLLES bilingue ""Français/Breton""","2016-2017",34
"BAUT ELEMENTAIRE","2016-2017",123
"BAUT MATERNELLE","2016-2017",93
"BEAUJOIRE ELEMENTAIRE","2016-2017",117
"BEAUJOIRE MATERNELLE","2016-2017",92
"BOCCAGE ELEMENTAIRE","2016-2017",161
"BOCCAGE MATERNELLE","2016-2017",82
"BOTTIERE ELEMENTAIRE","2016-2017",186
"BOTTIERE MATERNELLE","2016-2017",167
"CAMILLE CLAUDEL MATERNELLE","2016-2017",99
"CHAMPENOIS ELEMENTAIRE","2016-2017",151
"CHARLES LEBOURG PRIMAIRE","2016-2017",210
"CHATAIGNIERS ELEMENTAIRE","2016-2017",124
"CHATAIGNIERS MATERNELLE","2016-2017",112
"CHAUVINIERE ELEMENTAIRE","2016-2017",191
"CHAUVINIERE MATERNELLE","2016-2017",106
"CHENE D'ARON ELEMENTAIRE","2016-2017",162
"CHENE D'ARON MATERNELLE","2016-2017",84
"CONTRIE ELEMENTAIRE","2016-2017",197
"CONTRIE MATERNELLE","2016-2017",108
"COTE D'OR MATERNELLE","2016-2017",68
"COUDRAY ELEMENTAIRE","2016-2017",166
"COUDRAY MATERNELLE","2016-2017",115
"DERVALLIERES CHEZINE ELEMENTAIRE","2016-2017",206
"DERVALLIERES CHEZINE MATERNELLE","2016-2017",127
"DOCTEUR TEILLAIS MATERNELLE","2016-2017",144
"EMILE PEHANT ELEMENTAIRE","2016-2017",185
"EMILE PEHANT MATERNELLE","2016-2017",112
"FELLONNEAU ELEMENTAIRE","2016-2017",151
"FELLONNEAU MATERNELLE","2016-2017",90
"FONTENY MATERNELLE","2016-2017",147
"FRANCOIS DALLET ELEMENTAIRE","2016-2017",238
"FRANCOISE DOLTO PRIMAIRE","2016-2017",222
"FRATERNITE ELEMENTAIRE","2016-2017",296
"FREDUREAU MATERNELLE","2016-2017",76
"GARENNES ELEMENTAIRE","2016-2017",155
"GASTON SERPETTE ELEMENTAIRE","2016-2017",243
"GASTON SERPETTE MATERNELLE","2016-2017",118
"GAY LUSSAC PRIMAIRE","2016-2017",233
"GEORGE SAND ELEMENTAIRE","2016-2017",225
"GEORGES BRASSENS MATERNELLE","2016-2017",117
"GEORGES LAFONT MATERNELLE","2016-2017",86
"GRAND CARCOUET PRIMAIRE","2016-2017",173
"GUSTAVE ROCH ELEMENTAIRE","2016-2017",117
"GUSTAVE ROCH MATERNELLE","2016-2017",121
"HAROUYS PRIMAIRE","2016-2017",267
"HENRI BERGSON ELEMENTAIRE","2016-2017",156
"HENRI BERGSON MATERNELLE","2016-2017",162
"JACQUES PREVERT ELEMENTAIRE","2016-2017",129
"JACQUES PREVERT MATERNELLE","2016-2017",103
"JACQUES TATI PRIMAIRE","2016-2017",289
"JEAN JAURES ELEMENTAIRE","2016-2017",133
"JEAN MOULIN ELEMENTAIRE","2016-2017",134
"JEAN MOULIN MATERNELLE","2016-2017",185
"JEAN ZAY ELEMENTAIRE","2016-2017",275
"JEAN ZAY I MATERNELLE","2016-2017",123
"JEAN ZAY II MATERNELLE","2016-2017",118
"JONELIERE PRIMAIRE","2016-2017",180
"JOSEPH BLANCHART MATERNELLE","2016-2017",113
"JULIEN GRACQ PRIMAIRE","2016-2017",417
"LAMORICIERE MATERNELLE","2016-2017",149
"LEDRU ROLLIN ELEMENTAIRE","2016-2017",367
"LEON BLUM ELEMENTAIRE","2016-2017",178
"LEON SAY PRIMAIRE","2016-2017",321
"LINOT ELEMENTAIRE","2016-2017",202
"LINOT MATERNELLE","2016-2017",164
"LONGCHAMP PRIMAIRE","2016-2017",410
"LOUIS GUIOTTON MATERNELLE","2016-2017",89
"LOUIS PERGAUD ELEMENTAIRE","2016-2017",262
"LOUIS PERGAUD MATERNELLE","2016-2017",147
"LOUISE MICHEL ELEMENTAIRE","2016-2017",191
"LOUISE MICHEL MATERNELLE","2016-2017",147
"LUCIE AUBRAC ELEMENTAIRE","2016-2017",133
"LUCIE AUBRAC MATERNELLE","2016-2017",84
"MAISDON PAJOT MATERNELLE","2016-2017",201
"MAISON NEUVE PRIMAIRE","2016-2017",217
"MARSAUDERIES ELEMENTAIRE","2016-2017",197
"MARSAUDERIES MATERNELLE","2016-2017",121
"MARSAUDERIES bilingue ""Français/Breton""","2016-2017",176
"MAURICE MACE ELEMENTAIRE","2016-2017",350
"MAURICE MACE MATERNELLE","2016-2017",197
"MOLIERE MATERNELLE","2016-2017",129
"MULOTIERE ELEMENTAIRE","2016-2017",171
"MUTUALITE ELEMENTAIRE","2016-2017",337
"PAUL GAUGUIN PRIMAIRE","2016-2017",271
"PAULINE KERGOMARD MATERNELLE","2016-2017",99
"PLANTES ELEMENTAIRE","2016-2017",132
"PLANTES MATERNELLE","2016-2017",99
"PLESSIS CELLIER ELEMENTAIRE","2016-2017",186
"PLESSIS CELLIER MATERNELLE","2016-2017",118
"PORT BOYER ELEMENTAIRE","2016-2017",193
"PORT BOYER MATERNELLE","2016-2017",152
"REFORMES PRIMAIRE","2016-2017",149
"RUE NOIRE PRIMAIRE","2016-2017",184
"SARAH BERNHARDT MATERNELLE","2016-2017",219
"STALINGRAD ELEMENTAIRE","2016-2017",137
"STALINGRAD MATERNELLE","2016-2017",108
"SULLY ELEMENTAIRE","2016-2017",220
"SULLY MATERNELLE","2016-2017",149
"URBAIN LE VERRIER ELEMENTAIRE","2016-2017",227
"URBAIN LE VERRIER MATERNELLE","2016-2017",182
"VILLA MARIA PRIMAIRE","2016-2017",133
"AGENETS ELEMENTAIRE","2017-2018",211
"AGENETS MATERNELLE","2017-2018",126
"AIME CESAIRE PRIMAIRE","2017-2018",228
"ALAIN FOURNIER ELEMENTAIRE","2017-2018",159
"ALAIN FOURNIER MATERNELLE","2017-2018",126
"ALPHONSE BRAUD PRIMAIRE","2017-2018",178
"AMPERE PRIMAIRE","2017-2018",295
"ANATOLE DE MONZIE ELEMENTAIRE","2017-2018",155
"ANDRE LERMITE ELEMENTAIRE","2017-2018",201
"ANGE GUEPIN ELEMENTAIRE","2017-2018",121
"BARBERIE MATERNELLE","2017-2018",72
"BATIGNOLLES ELEMENTAIRE","2017-2018",179
"BATIGNOLLES MATERNELLE","2017-2018",107
"BATIGNOLLES bilingue ""Français/Breton""","2017-2018",43
"BAUT ELEMENTAIRE","2017-2018",126
"BAUT MATERNELLE","2017-2018",119
"BEAUJOIRE ELEMENTAIRE","2017-2018",121
"BEAUJOIRE MATERNELLE","2017-2018",101
"BOCCAGE ELEMENTAIRE","2017-2018",159
"BOCCAGE MATERNELLE","2017-2018",73
"BOTTIERE ELEMENTAIRE","2017-2018",188
"BOTTIERE MATERNELLE","2017-2018",166
"CAMILLE CLAUDEL MATERNELLE","2017-2018",91
"CHAMPENOIS ELEMENTAIRE","2017-2018",178
"CHARLES LEBOURG PRIMAIRE","2017-2018",188
"CHATAIGNIERS ELEMENTAIRE","2017-2018",132
"CHATAIGNIERS MATERNELLE","2017-2018",125
"CHAUVINIERE ELEMENTAIRE","2017-2018",198
"CHAUVINIERE MATERNELLE","2017-2018",98
"CHENE D'ARON ELEMENTAIRE","2017-2018",159
"CHENE D'ARON MATERNELLE","2017-2018",82
"CONTRIE ELEMENTAIRE","2017-2018",187
"CONTRIE MATERNELLE","2017-2018",119
"COTE D'OR MATERNELLE","2017-2018",69
"COUDRAY ELEMENTAIRE","2017-2018",178
"COUDRAY MATERNELLE","2017-2018",115
"DERVALLIERES CHEZINE ELEMENTAIRE","2017-2018",205
"DERVALLIERES CHEZINE MATERNELLE","2017-2018",149
"DOCTEUR TEILLAIS MATERNELLE","2017-2018",138
"EMILE PEHANT ELEMENTAIRE","2017-2018",207
"EMILE PEHANT MATERNELLE","2017-2018",142
"FELLONNEAU ELEMENTAIRE","2017-2018",162
"FELLONNEAU MATERNELLE","2017-2018",98
"FONTENY MATERNELLE","2017-2018",148
"FRANCOIS DALLET ELEMENTAIRE","2017-2018",239
"FRANCOISE DOLTO PRIMAIRE","2017-2018",254
"FRATERNITE ELEMENTAIRE","2017-2018",299
"FREDUREAU MATERNELLE","2017-2018",80
"GARENNES ELEMENTAIRE","2017-2018",161
"GASTON SERPETTE ELEMENTAIRE","2017-2018",239
"GASTON SERPETTE MATERNELLE","2017-2018",116
"GAY LUSSAC PRIMAIRE","2017-2018",240
"GEORGE SAND ELEMENTAIRE","2017-2018",218
"GEORGES BRASSENS MATERNELLE","2017-2018",115
"GEORGES LAFONT MATERNELLE","2017-2018",79
"GRAND CARCOUET PRIMAIRE","2017-2018",200
"GUSTAVE ROCH ELEMENTAIRE","2017-2018",123
"GUSTAVE ROCH MATERNELLE","2017-2018",111
"HAROUYS PRIMAIRE","2017-2018",269
"HENRI BERGSON ELEMENTAIRE","2017-2018",156
"HENRI BERGSON MATERNELLE","2017-2018",186
"JACQUES PREVERT ELEMENTAIRE","2017-2018",118
"JACQUES PREVERT MATERNELLE","2017-2018",114
"JACQUES TATI PRIMAIRE","2017-2018",300
"JEAN JAURES ELEMENTAIRE","2017-2018",135
"JEAN MOULIN ELEMENTAIRE","2017-2018",155
"JEAN MOULIN MATERNELLE","2017-2018",209
"JEAN ZAY ELEMENTAIRE","2017-2018",292
"JEAN ZAY I MATERNELLE","2017-2018",131
"JEAN ZAY II MATERNELLE","2017-2018",113
"JONELIERE PRIMAIRE","2017-2018",161
"JOSEPH BLANCHART MATERNELLE","2017-2018",114
"JULIEN GRACQ PRIMAIRE","2017-2018",403
"LAMORICIERE MATERNELLE","2017-2018",150
"LEDRU ROLLIN ELEMENTAIRE","2017-2018",358
"LEON BLUM ELEMENTAIRE","2017-2018",175
"LEON SAY PRIMAIRE","2017-2018",327
"LINOT ELEMENTAIRE","2017-2018",234
"LINOT MATERNELLE","2017-2018",160
"LONGCHAMP PRIMAIRE","2017-2018",378
"LOUIS GUIOTTON MATERNELLE","2017-2018",110
"LOUIS PERGAUD ELEMENTAIRE","2017-2018",250
"LOUIS PERGAUD MATERNELLE","2017-2018",129
"LOUISE MICHEL ELEMENTAIRE","2017-2018",191
"LOUISE MICHEL MATERNELLE","2017-2018",143
"LUCIE AUBRAC ELEMENTAIRE","2017-2018",140
"LUCIE AUBRAC MATERNELLE","2017-2018",95
"MAISDON PAJOT MATERNELLE","2017-2018",203
"MAISON NEUVE PRIMAIRE","2017-2018",198
"MARSAUDERIES ELEMENTAIRE","2017-2018",201
"MARSAUDERIES MATERNELLE","2017-2018",128
"MARSAUDERIES bilingue ""Français/Breton""","2017-2018",166
"MAURICE MACE ELEMENTAIRE","2017-2018",361
"MAURICE MACE MATERNELLE","2017-2018",193
"MOLIERE MATERNELLE","2017-2018",107
"MULOTIERE ELEMENTAIRE","2017-2018",159
"MUTUALITE ELEMENTAIRE","2017-2018",352
"PAUL GAUGUIN PRIMAIRE","2017-2018",274
"PAULINE KERGOMARD MATERNELLE","2017-2018",110
"PLANTES ELEMENTAIRE","2017-2018",127
"PLANTES MATERNELLE","2017-2018",99
"PLESSIS CELLIER ELEMENTAIRE","2017-2018",178
"PLESSIS CELLIER MATERNELLE","2017-2018",115
"PORT BOYER ELEMENTAIRE","2017-2018",185
"PORT BOYER MATERNELLE","2017-2018",157
"REFORMES PRIMAIRE","2017-2018",158
"RUE NOIRE PRIMAIRE","2017-2018",192
"SARAH BERNHARDT MATERNELLE","2017-2018",219
"STALINGRAD ELEMENTAIRE","2017-2018",136
"STALINGRAD MATERNELLE","2017-2018",105
"SULLY ELEMENTAIRE","2017-2018",209
"SULLY MATERNELLE","2017-2018",147
"URBAIN LE VERRIER ELEMENTAIRE","2017-2018",228
"URBAIN LE VERRIER MATERNELLE","2017-2018",184
"VILLA MARIA PRIMAIRE","2017-2018",114
"AGENETS ELEMENTAIRE","2018-2019",211
"AGENETS MATERNELLE","2018-2019",119
"AIME CESAIRE PRIMAIRE","2018-2019",281
"ALAIN FOURNIER ELEMENTAIRE","2018-2019",190
"ALAIN FOURNIER MATERNELLE","2018-2019",134
"ALPHONSE BRAUD PRIMAIRE","2018-2019",182
"AMPERE PRIMAIRE","2018-2019",293
"ANATOLE DE MONZIE ELEMENTAIRE","2018-2019",129
"ANDRE LERMITE ELEMENTAIRE","2018-2019",207
"ANGE GUEPIN ELEMENTAIRE","2018-2019",125
"BARBERIE MATERNELLE","2018-2019",69
"BATIGNOLLES ELEMENTAIRE","2018-2019",168
"BATIGNOLLES MATERNELLE","2018-2019",108
"BATIGNOLLES bilingue ""Français/Breton""","2018-2019",49
"BAUT ELEMENTAIRE","2018-2019",142
"BAUT MATERNELLE","2018-2019",104
"BEAUJOIRE ELEMENTAIRE","2018-2019",146
"BEAUJOIRE MATERNELLE","2018-2019",88
"BOCCAGE ELEMENTAIRE","2018-2019",147
"BOCCAGE MATERNELLE","2018-2019",85
"BOTTIERE ELEMENTAIRE","2018-2019",184
"BOTTIERE MATERNELLE","2018-2019",160
"CAMILLE CLAUDEL MATERNELLE","2018-2019",91
"CHAMPENOIS ELEMENTAIRE","2018-2019",166
"CHARLES LEBOURG PRIMAIRE","2018-2019",183
"CHATAIGNIERS ELEMENTAIRE","2018-2019",149
"CHATAIGNIERS MATERNELLE","2018-2019",141
"CHAUVINIERE ELEMENTAIRE","2018-2019",177
"CHAUVINIERE MATERNELLE","2018-2019",82
"CHENE D'ARON ELEMENTAIRE","2018-2019",158
"CHENE D'ARON MATERNELLE","2018-2019",84
"CONTRIE ELEMENTAIRE","2018-2019",198
"CONTRIE MATERNELLE","2018-2019",117
"COTE D'OR MATERNELLE","2018-2019",73
"COUDRAY ELEMENTAIRE","2018-2019",179
"COUDRAY MATERNELLE","2018-2019",116
"DERVALLIERES CHEZINE ELEMENTAIRE","2018-2019",223
"DERVALLIERES CHEZINE MATERNELLE","2018-2019",144
"DOCTEUR TEILLAIS MATERNELLE","2018-2019",151
"EMILE PEHANT ELEMENTAIRE","2018-2019",208
"EMILE PEHANT MATERNELLE","2018-2019",138
"FELLONNEAU ELEMENTAIRE","2018-2019",160
"FELLONNEAU MATERNELLE","2018-2019",110
"FONTENY MATERNELLE","2018-2019",139
"FRANCOIS DALLET ELEMENTAIRE","2018-2019",222
"FRANCOISE DOLTO PRIMAIRE","2018-2019",266
"FRATERNITE ELEMENTAIRE","2018-2019",300
"FREDUREAU MATERNELLE","2018-2019",82
"GARENNES ELEMENTAIRE","2018-2019",173
"GASTON SERPETTE ELEMENTAIRE","2018-2019",239
"GASTON SERPETTE MATERNELLE","2018-2019",117
"GAY LUSSAC PRIMAIRE","2018-2019",257
"GEORGE SAND ELEMENTAIRE","2018-2019",240
"GEORGES BRASSENS MATERNELLE","2018-2019",110
"GEORGES LAFONT MATERNELLE","2018-2019",78
"GRAND CARCOUET PRIMAIRE","2018-2019",209
"GUSTAVE ROCH ELEMENTAIRE","2018-2019",144
"GUSTAVE ROCH MATERNELLE","2018-2019",105
"HAROUYS PRIMAIRE","2018-2019",272
"HENRI BERGSON ELEMENTAIRE","2018-2019",162
"HENRI BERGSON MATERNELLE","2018-2019",186
"JACQUES PREVERT ELEMENTAIRE","2018-2019",136
"JACQUES PREVERT MATERNELLE","2018-2019",115
"JACQUES TATI PRIMAIRE","2018-2019",297
"JEAN JAURES ELEMENTAIRE","2018-2019",121
"JEAN MOULIN ELEMENTAIRE","2018-2019",186
"JEAN MOULIN MATERNELLE","2018-2019",207
"JEAN ZAY ELEMENTAIRE","2018-2019",305
"JEAN ZAY I MATERNELLE","2018-2019",142
"JEAN ZAY II MATERNELLE","2018-2019",116
"JONELIERE PRIMAIRE","2018-2019",170
"JOSEPH BLANCHART MATERNELLE","2018-2019",110
"JULIEN GRACQ PRIMAIRE","2018-2019",404
"LAMORICIERE MATERNELLE","2018-2019",170
"LEDRU ROLLIN ELEMENTAIRE","2018-2019",348
"LEON BLUM ELEMENTAIRE","2018-2019",158
"LEON SAY PRIMAIRE","2018-2019",316
"LINOT ELEMENTAIRE","2018-2019",217
"LINOT MATERNELLE","2018-2019",158
"LONGCHAMP PRIMAIRE","2018-2019",366
"LOUIS GUIOTTON MATERNELLE","2018-2019",106
"LOUIS PERGAUD ELEMENTAIRE","2018-2019",268
"LOUIS PERGAUD MATERNELLE","2018-2019",134
"LOUISE MICHEL ELEMENTAIRE","2018-2019",186
"LOUISE MICHEL MATERNELLE","2018-2019",167
"LUCIE AUBRAC ELEMENTAIRE","2018-2019",151
"LUCIE AUBRAC MATERNELLE","2018-2019",136
"MAISDON PAJOT MATERNELLE","2018-2019",201
"MAISON NEUVE PRIMAIRE","2018-2019",195
"MARSAUDERIES ELEMENTAIRE","2018-2019",214
"MARSAUDERIES MATERNELLE","2018-2019",118
"MARSAUDERIES bilingue ""Français/Breton""","2018-2019",161
"MAURICE MACE ELEMENTAIRE","2018-2019",357
"MAURICE MACE MATERNELLE","2018-2019",201
"MOLIERE MATERNELLE","2018-2019",96
"MULOTIERE ELEMENTAIRE","2018-2019",152
"MUTUALITE ELEMENTAIRE","2018-2019",373
"PAUL GAUGUIN PRIMAIRE","2018-2019",277
"PAULINE KERGOMARD MATERNELLE","2018-2019",114
"PLANTES ELEMENTAIRE","2018-2019",143
"PLANTES MATERNELLE","2018-2019",119
"PLESSIS CELLIER ELEMENTAIRE","2018-2019",194
"PLESSIS CELLIER MATERNELLE","2018-2019",137
"PORT BOYER ELEMENTAIRE","2018-2019",180
"PORT BOYER MATERNELLE","2018-2019",148
"REFORMES PRIMAIRE","2018-2019",164
"RUE NOIRE PRIMAIRE","2018-2019",176
"SARAH BERNHARDT MATERNELLE","2018-2019",219
"STALINGRAD ELEMENTAIRE","2018-2019",139
"STALINGRAD MATERNELLE","2018-2019",117
"SULLY ELEMENTAIRE","2018-2019",216
"SULLY MATERNELLE","2018-2019",132
"URBAIN LE VERRIER ELEMENTAIRE","2018-2019",257
"URBAIN LE VERRIER MATERNELLE","2018-2019",212
"VILLA MARIA PRIMAIRE","2018-2019",115
"AGENETS ELEMENTAIRE","2019-2020",209
"AGENETS MATERNELLE","2019-2020",134
"AIME CESAIRE PRIMAIRE","2019-2020",343
"ALAIN FOURNIER ELEMENTAIRE","2019-2020",190
"ALAIN FOURNIER MATERNELLE","2019-2020",134
"ALPHONSE BRAUD PRIMAIRE","2019-2020",167
"AMPERE PRIMAIRE","2019-2020",297
"ANATOLE DE MONZIE ELEMENTAIRE","2019-2020",133
"ANDRE LERMITE ELEMENTAIRE","2019-2020",194
"ANGE GUEPIN ELEMENTAIRE","2019-2020",111
"BARBERIE MATERNELLE","2019-2020",69
"BATIGNOLLES PRIMAIRE","2019-2020",284
"BATIGNOLLES bilingue ""Français/Breton""","2019-2020",60
"BAUT ELEMENTAIRE","2019-2020",152
"BAUT MATERNELLE","2019-2020",98
"BEAUJOIRE ELEMENTAIRE","2019-2020",136
"BEAUJOIRE MATERNELLE","2019-2020",106
"BOCCAGE ELEMENTAIRE","2019-2020",133
"BOCCAGE MATERNELLE","2019-2020",87
"BOTTIERE ELEMENTAIRE","2019-2020",199
"BOTTIERE MATERNELLE","2019-2020",165
"CAMILLE CLAUDEL MATERNELLE","2019-2020",103
"CHAMPENOIS ELEMENTAIRE","2019-2020",169
"CHARLES LEBOURG PRIMAIRE","2019-2020",178
"CHATAIGNIERS ELEMENTAIRE","2019-2020",164
"CHATAIGNIERS MATERNELLE","2019-2020",142
"CHAUVINIERE ELEMENTAIRE","2019-2020",152
"CHAUVINIERE MATERNELLE","2019-2020",80
"CHENE D'ARON ELEMENTAIRE","2019-2020",158
"CHENE D'ARON MATERNELLE","2019-2020",84
"CONTRIE ELEMENTAIRE","2019-2020",206
"CONTRIE MATERNELLE","2019-2020",138
"COTE D'OR MATERNELLE","2019-2020",79
"COUDRAY ELEMENTAIRE","2019-2020",185
"COUDRAY MATERNELLE","2019-2020",119
"DERVALLIERES CHEZINE ELEMENTAIRE","2019-2020",212
"DERVALLIERES CHEZINE MATERNELLE","2019-2020",145
"DOCTEUR TEILLAIS MATERNELLE","2019-2020",135
"EMILE PEHANT ELEMENTAIRE","2019-2020",226
"EMILE PEHANT MATERNELLE","2019-2020",132
"FELLONNEAU ELEMENTAIRE","2019-2020",160
"FELLONNEAU MATERNELLE","2019-2020",133
"FONTENY MATERNELLE","2019-2020",147
"FRANCOIS DALLET ELEMENTAIRE","2019-2020",221
"FRANCOISE DOLTO PRIMAIRE","2019-2020",262
"FRATERNITE ELEMENTAIRE","2019-2020",318
"FREDUREAU MATERNELLE","2019-2020",87
"GARENNES ELEMENTAIRE","2019-2020",160
"GASTON SERPETTE ELEMENTAIRE","2019-2020",231
"GASTON SERPETTE MATERNELLE","2019-2020",115
"GAY LUSSAC PRIMAIRE","2019-2020",244
"GEORGE SAND ELEMENTAIRE","2019-2020",255
"GEORGES BRASSENS MATERNELLE","2019-2020",110
"GEORGES LAFONT MATERNELLE","2019-2020",82
"GRAND CARCOUET PRIMAIRE","2019-2020",213
"GUSTAVE ROCH ELEMENTAIRE","2019-2020",151
"GUSTAVE ROCH MATERNELLE","2019-2020",105
"HAROUYS PRIMAIRE","2019-2020",263
"HENRI BERGSON ELEMENTAIRE","2019-2020",161
"HENRI BERGSON MATERNELLE","2019-2020",195
"JACQUES PREVERT ELEMENTAIRE","2019-2020",140
"JACQUES PREVERT MATERNELLE","2019-2020",141
"JACQUES TATI PRIMAIRE","2019-2020",352
"JEAN JAURES ELEMENTAIRE","2019-2020",124
"JEAN MOULIN ELEMENTAIRE","2019-2020",187
"JEAN MOULIN MATERNELLE","2019-2020",202
"JEAN ZAY ELEMENTAIRE","2019-2020",317
"JEAN ZAY I MATERNELLE","2019-2020",144
"JEAN ZAY II MATERNELLE","2019-2020",117
"JONELIERE PRIMAIRE","2019-2020",179
"JOSEPH BLANCHART MATERNELLE","2019-2020",105
"JULIEN GRACQ PRIMAIRE","2019-2020",400
"LAMORICIERE MATERNELLE","2019-2020",173
"LEDRU ROLLIN ELEMENTAIRE","2019-2020",351
"LEON BLUM ELEMENTAIRE","2019-2020",152
"LEON SAY PRIMAIRE","2019-2020",320
"LINOT ELEMENTAIRE","2019-2020",224
"LINOT MATERNELLE","2019-2020",141
"LONGCHAMP PRIMAIRE","2019-2020",394
"LOUIS GUIOTTON MATERNELLE","2019-2020",117
"LOUIS PERGAUD ELEMENTAIRE","2019-2020",254
"LOUIS PERGAUD MATERNELLE","2019-2020",138
"LOUISE MICHEL ELEMENTAIRE","2019-2020",213
"LOUISE MICHEL MATERNELLE","2019-2020",158
"LUCIE AUBRAC ELEMENTAIRE","2019-2020",171
"LUCIE AUBRAC MATERNELLE","2019-2020",137
"MAISDON PAJOT MATERNELLE","2019-2020",193
"MAISON NEUVE PRIMAIRE","2019-2020",215
"MARSAUDERIES ELEMENTAIRE","2019-2020",209
"MARSAUDERIES MATERNELLE","2019-2020",121
"MARSAUDERIES bilingue ""Français/Breton""","2019-2020",159
"MAURICE MACE ELEMENTAIRE","2019-2020",335
"MAURICE MACE MATERNELLE","2019-2020",204
"MOLIERE MATERNELLE","2019-2020",100
"MULOTIERE ELEMENTAIRE","2019-2020",151
"MUTUALITE ELEMENTAIRE","2019-2020",404
"PAUL GAUGUIN PRIMAIRE","2019-2020",290
"PAULINE KERGOMARD MATERNELLE","2019-2020",119
"PLANTES ELEMENTAIRE","2019-2020",149
"PLANTES MATERNELLE","2019-2020",115
"PLESSIS CELLIER ELEMENTAIRE","2019-2020",230
"PLESSIS CELLIER MATERNELLE","2019-2020",139
"PORT BOYER ELEMENTAIRE","2019-2020",188
"PORT BOYER MATERNELLE","2019-2020",160
"REFORMES PRIMAIRE","2019-2020",159
"RUE NOIRE PRIMAIRE","2019-2020",174
"SARAH BERNHARDT MATERNELLE","2019-2020",219
"STALINGRAD ELEMENTAIRE","2019-2020",119
"STALINGRAD MATERNELLE","2019-2020",103
"SULLY ELEMENTAIRE","2019-2020",212
"SULLY MATERNELLE","2019-2020",122
"URBAIN LE VERRIER ELEMENTAIRE","2019-2020",254
"URBAIN LE VERRIER MATERNELLE","2019-2020",218
"VILLA MARIA PRIMAIRE","2019-2020",117
